Vehicle No,GeoCluster,Weekday,StopCount,Latitude,Longitude,Address,FirstVisit,LastVisit
30915,0,Monday,12,25.437855374999998,55.52597745,"Unnamed Road,Al Jerf Industrial 1,Ajman,United Arab Emirates",2025-06-02 13:57:30,2025-07-14 00:12:43
30915,0,Saturday,14,25.43823935714286,55.52708817142857,Oxy Office,2025-05-17 00:12:43,2025-07-19 08:57:55
30915,0,Sunday,12,25.437843700000002,55.526198416666666,Oxy Office,2025-05-18 00:12:43,2025-07-13 08:53:10
30915,0,Thursday,15,25.43763296666667,55.52555996,"Jiddah Street,Ajman,United Arab Emirates",2025-05-15 00:12:43,2025-07-17 23:16:53
30915,0,Tuesday,16,25.4376672625,55.5256887,Oxy Office,2025-05-13 13:43:09,2025-07-15 09:07:42
30915,0,Wednesday,14,25.437602578571425,55.52549126428572,"Unnamed Road,Al Jerf Industrial 1,Ajman,United Arab Emirates",2025-05-14 00:12:43,2025-07-16 09:15:49
30915,1,Monday,6,25.401888016666664,55.47516246666667,"Unnamed Road,Al Jerf Industrial 1,Ajman,United Arab Emirates",2025-06-02 13:56:39,2025-07-14 10:55:22
30915,1,Wednesday,5,25.424199299999998,55.51327996,"Jiddah Street,Ajman,United Arab Emirates",2025-06-04 09:21:57,2025-07-02 09:08:02
30915,2,Tuesday,6,25.419199683333332,55.4852094,"Unnamed Road,Al Jerf Industrial 1,Ajman,United Arab Emirates",2025-06-03 20:07:05,2025-07-15 09:38:00
30915,3,Wednesday,10,25.403533799999998,55.49297713,Al Jerf Industrial 1 - Ajman - United Arab Emirates,2025-05-14 10:38:29,2025-07-16 10:19:41
30915,4,Saturday,5,25.38311262,55.46984629999999,Industrial Area 3 - Sharjah - United Arab Emirates,2025-05-17 09:42:26,2025-06-28 18:45:09
30915,5,Thursday,5,25.40194564,55.49134862,Al Muwaihat 3 - Ajman - United Arab Emirates,2025-06-19 11:47:03,2025-07-17 09:49:15
30917,0,Friday,5,25.43813728,55.52677396,CGQG+8F3 - Al Jerf Industrial 1 - Ajman - United Arab Emirates,2025-06-06 00:02:37,2025-07-18 00:12:43
30917,0,Monday,17,25.437749764705885,55.525703688235296,Oxy Office,2025-05-19 00:12:43,2025-07-14 00:12:43
30917,0,Saturday,17,25.43825955882353,55.52676641764706,Oxy Office,2025-05-17 00:12:43,2025-07-19 09:11:02
30917,0,Sunday,17,25.438008094117645,55.52622701764705,Oxy Office,2025-05-18 00:12:43,2025-07-13 08:49:53
30917,0,Thursday,19,25.43823995263158,55.52673417368421,Oxy Office,2025-05-15 00:12:43,2025-07-17 09:18:54
30917,0,Tuesday,18,25.435928472222223,55.52138228333334,Oxy Office,2025-05-13 12:56:37,2025-07-15 00:12:43
30917,0,Wednesday,19,25.438259689473686,55.52677259473685,Oxy Office,2025-05-14 00:12:43,2025-07-16 00:12:43
30917,1,Monday,6,25.383929383333335,55.485775233333335,Ajman - United Arab Emirates,2025-05-19 08:41:54,2025-07-14 09:03:24
30917,1,Saturday,5,25.4102796,55.4970506,Ajman - United Arab Emirates,2025-05-17 08:47:52,2025-07-12 09:16:36
30917,1,Sunday,9,25.41465828888889,55.50063644444444,"Jiddah Street,Al Jerf Industrial 1,Ajman,United Arab Emirates",2025-05-18 08:44:43,2025-07-13 09:34:37
30917,1,Thursday,7,25.436763542857143,55.5336778,"Jiddah Street,Al Jerf Industrial 2,Ajman,United Arab Emirates",2025-05-15 08:26:34,2025-07-17 22:30:54
30917,1,Tuesday,8,25.4115730625,55.524089975,Al Jerf Industrial 1 - Ajman - United Arab Emirates,2025-05-20 08:58:56,2025-07-15 09:10:06
30917,1,Wednesday,7,25.43270734285714,55.52345902857143,Al Jerf Industrial 1 - Ajman - United Arab Emirates,2025-05-14 09:00:08,2025-07-02 09:38:11
30917,2,Monday,7,25.386465899999997,55.49904208571429,Al Jerf Industrial 1 - Ajman - United Arab Emirates,2025-05-19 08:53:55,2025-07-14 09:12:35
30917,2,Sunday,6,25.387461066666663,55.485444683333334,"Unnamed Road,Al Jerf Industrial 1,Ajman,United Arab Emirates",2025-05-25 10:28:59,2025-07-06 12:10:59
30917,2,Thursday,7,25.39555257142857,55.49096328571428,Al Jerf Industrial 1 - Ajman - United Arab Emirates,2025-05-15 08:36:57,2025-07-17 19:42:23
30917,2,Wednesday,7,25.420036157142857,55.50977662857143,"Jiddah Street,Sharjah,United Arab Emirates",2025-05-14 09:11:23,2025-07-16 09:55:54
30917,3,Monday,6,25.35984745,55.48559938333333,Al Jerf Industrial 1 - Ajman - United Arab Emirates,2025-06-02 09:22:24,2025-07-14 09:22:22
30917,3,Saturday,5,25.37901128,55.48448662,Al Jerf Industrial 3 - Ajman - United Arab Emirates,2025-05-24 09:15:56,2025-07-19 16:54:04
30917,3,Tuesday,6,25.378532183333334,55.47433275,Ajman - United Arab Emirates,2025-05-13 13:02:31,2025-07-15 11:15:29
30917,3,Wednesday,6,25.382413833333334,55.49955275,Al Jerf Industrial 1 - Ajman - United Arab Emirates,2025-05-21 10:44:15,2025-06-25 15:54:19
30917,4,Monday,6,25.370932183333334,55.4968805,Ajman - United Arab Emirates,2025-06-02 09:40:31,2025-07-14 09:59:59
30917,4,Saturday,6,25.33936328333333,55.446748033333336,Industrial Area 12 - Sharjah - United Arab Emirates,2025-05-17 10:50:47,2025-07-19 18:19:53
30917,4,Sunday,6,25.325822149999997,55.448364133333335,"Unnamed Road,Muwailih Commercial,Industrial Area,Sharjah,United Arab Emirates",2025-05-25 11:33:40,2025-07-13 13:38:23
30917,4,Tuesday,5,25.40427794,55.50316564,"167,Al Jerf Industrial 1,Ajman,United Arab Emirates",2025-06-03 09:20:22,2025-07-15 11:25:42
30917,4,Wednesday,6,25.369519699999998,55.488333583333336,Al Jerf Industrial 1 - Ajman - United Arab Emirates,2025-05-28 12:56:52,2025-07-16 10:24:59
30917,5,Saturday,5,25.30668062,55.440755960000004,Industrial Area 12 - Sharjah - United Arab Emirates,2025-05-24 16:16:47,2025-07-19 10:14:17
30917,5,Sunday,6,25.36533495,55.46880468333333,Ajman - United Arab Emirates,2025-05-18 12:17:11,2025-07-13 14:57:49
30917,5,Thursday,5,25.389131279999997,55.49904262,"Shaikh Rashid Bin Abdul Aziz Aaemi Street,Al Jerf 2,Ajman,United Arab Emirates",2025-05-29 10:05:03,2025-06-26 10:40:25
30917,5,Tuesday,6,25.359652733333334,55.4670408,"Unnamed Road,Al Jerf Industrial 1,Ajman,United Arab Emirates",2025-05-13 16:06:59,2025-07-15 11:49:40
30917,5,Wednesday,6,25.358267416666667,55.4726008,Al Jerf Industrial 1 - Ajman - United Arab Emirates,2025-05-28 09:44:15,2025-07-16 10:43:01
30917,6,Monday,6,25.3298719,55.45491966666666,Ajman - United Arab Emirates,2025-05-26 10:55:48,2025-07-14 10:42:09
30917,6,Saturday,8,25.367223912500002,55.4792676625,"AL IMAM AL SHAFEE Street,Al Hamidiya 1,Ajman,United Arab Emirates",2025-05-17 21:40:35,2025-07-12 11:43:17
30917,6,Sunday,8,25.346182675,55.4569782875,Al Jerf 2 - Ajman - United Arab Emirates,2025-05-18 09:37:13,2025-07-13 15:09:07
30917,7,Tuesday,7,25.349073985714284,55.463578514285715,Al Bustan - Ajman - United Arab Emirates,2025-05-13 13:33:53,2025-07-15 12:29:57
30917,8,Tuesday,6,25.347329650000002,55.455623300000006,Al Bustan - Ajman - United Arab Emirates,2025-05-13 13:44:43,2025-07-15 12:39:20
30917,9,Monday,5,25.35727862,55.4773723,Ajman - United Arab Emirates,2025-05-19 10:44:12,2025-06-23 10:56:13
30917,9,Sunday,8,25.357758075,55.4778103875,Ajman - United Arab Emirates,2025-05-25 10:02:39,2025-07-13 18:11:33
30917,9,Wednesday,6,25.33080803333333,55.468049683333334,Ajman - United Arab Emirates,2025-05-14 10:59:05,2025-07-16 12:36:32
30917,10,Sunday,6,25.357494683333332,55.47820771666667,Ajman - United Arab Emirates,2025-05-18 10:03:27,2025-07-13 20:36:37
30917,10,Thursday,5,25.34070362,55.464317959999995,"Deans International Privat School, 91 Street, Zahra, Ajman, 20767, United Arab Emirates",2025-05-22 10:07:22,2025-07-03 10:44:36
30917,11,Sunday,5,25.36525396,55.485125960000005,Ajman - United Arab Emirates,2025-05-25 10:15:16,2025-07-06 11:20:11
30917,11,Thursday,7,25.3613626,55.458190442857145,Al Jerf 1 - Ajman - United Arab Emirates,2025-05-15 11:48:38,2025-07-17 10:57:58
30917,12,Saturday,5,25.36180028,55.48747364,Ajman - United Arab Emirates,2025-05-17 11:20:45,2025-07-19 11:06:20
30917,13,Tuesday,5,25.31612096,55.449259299999994,Ajman - United Arab Emirates,2025-05-13 14:41:24,2025-07-15 14:04:43
30917,14,Thursday,6,25.358393016666668,55.486117449999995,"Unnamed Road,Al Jerf Industrial 3,Ajman,United Arab Emirates",2025-05-15 19:12:03,2025-07-10 11:16:05
30917,14,Tuesday,6,25.377410516666668,55.50546885,AL IMAM AL SHAFEE St - Ajman - United Arab Emirates,2025-05-13 19:22:43,2025-07-15 14:40:21
30917,15,Sunday,5,25.353275619999998,55.46825496,Al Hamidiya 1 - Ajman - United Arab Emirates,2025-05-25 11:23:53,2025-07-13 14:18:53
30917,15,Tuesday,5,25.30995662,55.4671283,Ajman - United Arab Emirates,2025-06-03 11:05:32,2025-07-15 12:11:02
30917,16,Wednesday,5,25.354247960000002,55.46699162,Al Jerf Industrial 1 - Ajman - United Arab Emirates,2025-05-28 12:04:51,2025-07-09 11:06:32
30917,20,Thursday,5,25.34541496,55.47291396000001,Ajman - United Arab Emirates,2025-05-22 13:25:56,2025-07-17 13:14:56
30917,21,Thursday,7,25.31638614285714,55.448809014285715,Industrial Area 12 - Sharjah - United Arab Emirates,2025-05-29 15:18:19,2025-07-10 12:36:24
30917,23,Thursday,5,25.30290596,55.44006862,Industrial Area 13 - Sharjah - United Arab Emirates,2025-05-29 15:47:14,2025-07-17 13:48:24
30917,25,Saturday,5,25.32669628,55.44575562,Al Jerf Industrial 1 - Ajman - United Arab Emirates,2025-05-24 12:32:34,2025-07-19 13:03:20
30917,27,Wednesday,5,25.31180496,55.43064362,Industrial Area 12 - Sharjah - United Arab Emirates,2025-05-14 18:02:23,2025-06-25 13:54:55
30917,30,Wednesday,5,25.3036146,55.445937300000004,Industrial Area 13 - Sharjah - United Arab Emirates,2025-05-14 18:54:39,2025-07-09 14:09:42
30917,31,Monday,6,25.303500483333334,55.45420995,Industrial Area 12 - Sharjah - United Arab Emirates,2025-05-19 16:00:17,2025-07-14 13:04:22
30917,36,Wednesday,6,25.320008299999998,55.45773773333334,Industrial Area 15 - Sharjah - United Arab Emirates,2025-05-21 16:11:42,2025-07-16 14:50:22
30917,37,Thursday,6,25.30475998333333,55.455509400000004,Muwailih Commercial - Sharjah - United Arab Emirates,2025-05-15 15:55:54,2025-07-17 16:22:20
30917,38,Thursday,5,25.30596496,55.45959799999999,Muwailih Commercial - Sharjah - United Arab Emirates,2025-05-22 16:49:22,2025-07-10 15:15:05
30917,39,Thursday,5,25.30558564,55.43676894,Muwailih Commercial - Sharjah - United Arab Emirates,2025-05-15 16:08:49,2025-07-17 16:47:44
30917,42,Thursday,5,25.2961543,55.45893162,"Unnamed Road,Muwailih Commercial,Industrial Area,Sharjah,United Arab Emirates",2025-05-15 17:07:31,2025-07-10 16:09:19
30941,0,Monday,18,25.438255594444442,55.52671273888889,Oxy Office,2025-05-19 00:12:43,2025-07-14 08:03:38
30941,0,Saturday,18,25.438247727777778,55.52670013333333,Oxy Office,2025-05-17 00:12:43,2025-07-19 08:57:38
30941,0,Sunday,18,25.438255505555553,55.52672848888889,Oxy Office,2025-05-18 00:12:43,2025-07-13 08:31:04
30941,0,Thursday,21,25.438237966666666,55.52672485714286,Oxy Office,2025-05-15 00:12:43,2025-07-17 23:07:48
30941,0,Tuesday,20,25.422153044999998,55.514784125000006,"30,Muhaisnah 3,Muhaisnah,Dubai,United Arab Emirates",2025-05-13 12:49:18,2025-07-15 08:13:37
30941,0,Wednesday,19,25.438232247368422,55.5266991631579,Oxy Office,2025-05-14 00:12:43,2025-07-16 08:30:25
30941,1,Monday,9,25.257569566666668,55.42190941111111,Ajman - United Arab Emirates,2025-05-19 10:39:21,2025-07-07 12:45:36
30941,1,Saturday,8,25.300239525,55.42459705,Oxy Office,2025-05-17 12:10:56,2025-07-19 13:28:23
30941,1,Sunday,6,25.300156883333333,55.401595216666664,"Jiddah Street,Ajman,United Arab Emirates",2025-05-25 08:03:27,2025-07-13 14:03:46
30941,1,Thursday,8,25.3384932875,55.4427110125,"Jiddah Street,Ajman,United Arab Emirates",2025-05-15 12:36:00,2025-07-17 14:41:47
30941,1,Tuesday,7,25.279016399999996,55.40590661428571,Muhaisnah 4 - Dubai - United Arab Emirates,2025-05-20 12:24:30,2025-07-08 14:56:53
30941,1,Wednesday,6,25.344370783333332,55.46775718333333,Al Jerf Industrial 1 - Ajman - United Arab Emirates,2025-05-21 12:45:39,2025-07-16 08:32:07
30941,2,Monday,6,25.311004666666665,55.4205283,Muhaisnah 4 - Dubai - United Arab Emirates,2025-05-19 12:21:52,2025-07-14 20:16:16
30941,2,Saturday,5,25.325273279999998,55.446126979999995,Al Warqa - Dubai - United Arab Emirates,2025-05-31 09:40:45,2025-07-19 17:36:55
30941,2,Sunday,6,25.265743866666668,55.40905746666667,Muhaisnah 4 - Dubai - United Arab Emirates,2025-05-18 15:33:35,2025-07-06 14:35:31
30941,2,Thursday,8,25.285171625,55.3999899625,19 A St - Dubai - United Arab Emirates,2025-05-15 16:36:08,2025-07-10 18:55:00
30941,2,Wednesday,7,25.263502600000002,55.39489187142857,"49,Al Qusais 1,Al Qusais,Dubai,United Arab Emirates",2025-05-14 15:36:47,2025-07-16 12:36:17
30941,4,Saturday,5,25.234317620000002,55.43071096,Al Warqa 1 - Dubai - United Arab Emirates,2025-05-17 09:11:45,2025-07-12 09:21:45
30941,8,Saturday,5,25.187733599999998,55.404474959999995,"414,Al Warqa 1,Al Warqa,Dubai,United Arab Emirates",2025-05-17 10:07:33,2025-07-12 09:54:04
30941,9,Saturday,5,25.189870640000002,55.4021573,"Sheikh Mohammed Bin Zayed Road,Al Warqa 1,Al Warqa,Dubai,United Arab Emirates",2025-05-17 10:38:16,2025-07-19 11:29:15
30941,9,Wednesday,6,25.18461773333333,55.40656191666667,"414,Al Warqa 1,Al Warqa,Dubai,United Arab Emirates",2025-05-21 10:05:12,2025-07-16 10:33:03
30941,10,Monday,5,25.18501032,55.40627930000001,Al Warqa - Dubai - United Arab Emirates,2025-06-02 09:50:01,2025-07-14 09:32:13
30941,10,Wednesday,6,25.185569416666667,55.40867968333333,"414,Al Warqa 1,Al Warqa,Dubai,United Arab Emirates",2025-05-21 10:11:30,2025-07-16 10:40:39
30941,11,Saturday,5,25.18900196,55.40279262,"414,Al Warqa 1,Al Warqa,Dubai,United Arab Emirates",2025-05-31 10:41:13,2025-07-05 11:24:46
30941,12,Monday,5,25.18783964,55.4051203,Al Warqa - Dubai - United Arab Emirates,2025-05-19 09:50:10,2025-07-14 09:46:07
30941,12,Saturday,6,25.18920245,55.40429998333334,"414,Al Warqa 1,Al Warqa,Dubai,United Arab Emirates",2025-05-24 10:01:23,2025-07-05 11:39:56
30941,13,Monday,5,25.20927928,55.39880362,"Sheikh Mohammed Bin Zayed Road,Al Warqa 1,Al Warqa,Dubai,United Arab Emirates",2025-05-26 16:45:33,2025-07-14 09:56:33
30941,15,Wednesday,7,25.18297852857143,55.40880068571429,Al Warqa 3 - Dubai - United Arab Emirates,2025-05-14 11:08:27,2025-07-16 11:45:05
30941,17,Monday,5,25.187942279999998,55.40664864,"414,Al Warqa 1,Al Warqa,Dubai,United Arab Emirates",2025-05-19 10:38:51,2025-07-14 11:09:20
30941,17,Wednesday,5,25.18493796,55.408355300000004,Unnamed Road - Dubai - United Arab Emirates,2025-05-21 11:45:15,2025-07-16 12:01:20
30941,20,Sunday,5,25.27033794,55.319445300000005,"28,Muteena,Deira,Dubai,United Arab Emirates,Mateena, Emirates Cooperative Society 1",2025-05-18 11:50:24,2025-07-13 11:02:56
30941,23,Wednesday,5,25.2635216,55.41023061999999,Muhaisnah 4 - Dubai - United Arab Emirates,2025-05-14 12:18:23,2025-07-09 12:10:31
30941,28,Saturday,5,25.267141959999996,55.412501299999995,Tipping Area Turnoff 2 - Dubai - United Arab Emirates,2025-05-24 13:14:45,2025-07-19 13:53:50
30941,28,Tuesday,5,25.26769096,55.33055862,Al Qusais 1 - Dubai - United Arab Emirates,2025-05-13 16:07:51,2025-07-15 10:51:51
30941,28,Wednesday,5,25.26073796,55.40889764,Emirates Housing 1 - Dubai - United Arab Emirates,2025-05-14 12:56:21,2025-07-09 12:51:27
30941,30,Sunday,6,25.268266049999998,55.369634966666666,Al Twar 1 - Dubai - United Arab Emirates,2025-06-01 12:34:20,2025-07-13 12:34:22
30941,31,Monday,5,25.281396960000002,55.404815299999996,Amthul Building 2 - Dubai - United Arab Emirates,2025-05-19 13:17:21,2025-07-14 13:43:46
30941,32,Monday,5,25.2819613,55.4021106,"ETISALAT, Qusais Industrial Area 1 - Dubai - United Arab Emirates",2025-06-02 12:51:10,2025-07-07 13:28:39
30941,32,Saturday,5,25.28126728,55.40767296,269 42nd St - Dubai - United Arab Emirates,2025-05-24 14:20:20,2025-07-12 13:25:47
30941,32,Sunday,5,25.26832594,55.373484299999994,Al Twar 1 - Dubai - United Arab Emirates,2025-05-18 13:19:20,2025-07-13 12:57:27
30941,33,Monday,6,25.28058855,55.39364163333334,42nd St - Dubai - United Arab Emirates,2025-05-19 13:31:21,2025-07-07 13:38:52
30941,33,Saturday,5,25.28100562,55.406410640000004,Muhaisnah 4 - Dubai - United Arab Emirates,2025-06-14 13:58:57,2025-07-19 14:30:27
30941,38,Sunday,6,25.2528319,55.38388775000001,Al Twar 2 - Dubai - United Arab Emirates,2025-05-18 14:02:36,2025-06-29 13:40:48
30941,41,Monday,6,25.27659273333333,55.380216600000004,Al Qusais 2 - Dubai - United Arab Emirates,2025-05-19 14:45:00,2025-07-07 14:55:27
30941,44,Wednesday,6,25.274076633333333,55.37614746666667,"49,Al Qusais 1,Al Qusais,Dubai,United Arab Emirates",2025-05-14 14:57:26,2025-07-16 15:19:41
30941,47,Saturday,5,25.274239599999998,55.37983262,"49,Al Qusais 1,Al Qusais,Dubai,United Arab Emirates",2025-05-17 16:15:40,2025-07-19 15:59:13
30941,47,Thursday,5,25.278185639999997,55.398039319999995,Emirates Housing 1 - Dubai - United Arab Emirates,2025-05-15 12:48:31,2025-07-17 15:06:01
30941,48,Thursday,5,25.28002296,55.3935786,Muhaisnah 4 - Dubai - United Arab Emirates,2025-05-15 13:00:25,2025-07-03 14:02:02
30941,48,Tuesday,5,25.281251259999998,55.396917640000005,Al Qusais Industrial Area 2 - Dubai - United Arab Emirates,2025-05-20 12:04:02,2025-07-08 14:11:47
30941,50,Saturday,5,25.276121619999998,55.37983396,Al Qusais 1 - Dubai - United Arab Emirates,2025-05-24 16:56:59,2025-07-19 16:35:19
30941,51,Wednesday,6,25.27489135,55.38150301666667,"Twar, Union Cooperative Society - Dubai - United Arab Emirates",2025-05-14 16:19:22,2025-07-02 16:10:41
30941,55,Monday,5,25.28428464,55.3772463,"49,Al Qusais 1,Al Qusais,Dubai,United Arab Emirates",2025-05-19 16:54:55,2025-06-30 16:32:48
30941,57,Thursday,6,25.279752466666668,55.383488050000004,"49,Al Qusais 1,Al Qusais,Dubai,United Arab Emirates",2025-05-15 14:30:33,2025-07-03 14:59:33
30941,57,Wednesday,5,25.28489262,55.37771796,Shaik Rashid Colony 2 - Dubai - United Arab Emirates,2025-06-11 17:26:37,2025-07-16 16:54:49
30941,58,Sunday,6,25.27598105,55.38117413333333,Al Qusais 1 - Dubai - United Arab Emirates,2025-05-18 17:10:04,2025-07-13 16:04:13
30941,58,Thursday,5,25.27277698,55.3764106,Al Qusais 1 - Dubai - United Arab Emirates,2025-05-15 14:49:03,2025-07-17 16:34:21
30941,59,Thursday,6,25.278508549999998,55.3824669,Al Qusais 1 - Dubai - United Arab Emirates,2025-05-15 14:59:10,2025-07-03 15:30:53
30941,63,Thursday,5,25.2850703,55.38135228,Al Qusais Industrial Area - Dubai - United Arab Emirates,2025-05-15 15:35:44,2025-07-03 15:57:10
30941,65,Tuesday,5,25.27708164,55.390945620000004,Al Qusais 1 - Dubai - United Arab Emirates,2025-06-03 16:12:08,2025-07-15 15:27:55
30941,66,Thursday,6,25.289886883333335,55.38018301666667,Unnamed Road - Dubai - United Arab Emirates,2025-05-15 15:55:31,2025-07-17 17:13:21
30941,66,Tuesday,5,25.27752062,55.38917196,Al Qusais 1 - Dubai - United Arab Emirates,2025-06-03 16:23:43,2025-07-08 16:22:52
30941,77,Thursday,6,25.290387449999997,55.37481245,19 A St - Dubai - United Arab Emirates,2025-05-22 17:56:42,2025-07-03 17:34:08
33254,0,Monday,9,25.43825012222222,55.52672292222222,Oxy Office,2025-05-19 08:30:24,2025-07-14 08:30:51
33254,0,Saturday,10,25.43823279,55.5266713,Oxy Office,2025-05-17 08:30:42,2025-07-19 08:30:10
33254,0,Sunday,9,25.438238277777778,55.52675923333334,Oxy Office,2025-05-18 08:30:04,2025-07-13 08:30:33
33254,0,Thursday,10,25.432364130000003,55.514705289999995,Oxy Office,2025-05-15 08:30:24,2025-07-17 08:30:41
33254,0,Tuesday,10,25.42892363,55.514330959999995,Al Bu Daniq - Sharjah - United Arab Emirates,2025-05-13 12:49:31,2025-07-15 08:30:32
33254,0,Wednesday,10,25.43825846,55.52668364,Oxy Office,2025-05-14 08:30:25,2025-07-16 08:30:55
33254,1,Saturday,7,25.411420442857143,55.52123568571428,Oxy Office,2025-05-24 09:06:39,2025-07-19 09:54:42
33254,5,Saturday,5,25.3504783,55.419751299999994,"180,AL Hazannah,Al Riqa Suburb,Sharjah,United Arab Emirates",2025-05-31 10:56:16,2025-07-19 10:41:33
33254,5,Sunday,5,25.370803979999998,55.4172113,Al Nekhailat - Sharjah - United Arab Emirates,2025-05-18 10:13:51,2025-07-13 10:50:09
33254,5,Wednesday,5,25.38450996,55.461401620000004,"Unnamed Road,Al Zahya,Ajman,United Arab Emirates",2025-06-11 11:03:28,2025-07-16 10:13:55
33254,6,Sunday,5,25.37542396,55.42163928,Al Heerah Suburb - Sharjah - United Arab Emirates,2025-05-25 10:37:19,2025-07-13 11:05:01
33254,6,Wednesday,5,25.378547320000003,55.46145664000001,"63,Sharqan,Al Heerah Suburb,Sharjah,United Arab Emirates",2025-05-14 10:14:04,2025-07-02 10:45:32
33254,7,Sunday,5,25.37192394,55.413367619999995,Al Qadisiya - Sharjah - United Arab Emirates,2025-05-18 10:35:24,2025-06-22 10:52:19
33254,8,Saturday,5,25.369050620000003,55.410079280000005,Bu Tina - Sharjah - United Arab Emirates,2025-05-17 10:39:15,2025-07-05 10:22:24
33254,9,Saturday,5,25.3571396,55.4108483,Bu Tina - Sharjah - United Arab Emirates,2025-05-17 10:54:16,2025-07-12 10:37:14
33254,9,Sunday,5,25.36959162,55.412971979999995,AL Hazannah - Sharjah - United Arab Emirates,2025-05-25 11:21:14,2025-07-13 11:33:19
33254,9,Thursday,5,25.37067562,55.41878663999999,Al Heerah Suburb - Sharjah - United Arab Emirates,2025-05-29 11:12:06,2025-07-17 10:50:46
33254,9,Tuesday,5,25.37586662,55.42159064,"Sheikh Majed Bin Saqr Al Qasimi Street,Al Ghafia,Sharjah,United Arab Emirates",2025-05-20 09:56:23,2025-07-08 10:26:10
33254,10,Monday,5,25.36361996,55.418564620000005,Bu Tina - Sharjah - United Arab Emirates,2025-05-19 11:23:46,2025-06-23 10:40:06
33254,10,Sunday,5,25.364260260000002,55.41266594,Al Nasserya - Sharjah - United Arab Emirates,2025-05-25 11:39:53,2025-07-13 11:50:35
33254,10,Thursday,5,25.36968362,55.41556994,Al Sharq - Sharjah - United Arab Emirates,2025-05-15 10:11:26,2025-07-17 11:07:38
33254,11,Saturday,6,25.362924666666668,55.40443053333333,Al Sharq - Sharjah - United Arab Emirates,2025-05-17 11:20:19,2025-07-19 11:27:32
33254,11,Wednesday,6,25.374016633333337,55.41422025,Al Heerah Suburb - Sharjah - United Arab Emirates,2025-05-14 10:47:00,2025-07-16 11:00:49
33254,12,Monday,7,25.360968528571426,55.425946628571424,Halwan Suburb - Sharjah - United Arab Emirates,2025-05-26 13:23:25,2025-07-14 11:13:15
33254,12,Sunday,7,25.363304942857145,55.40957281428571,Al Nasserya - Sharjah - United Arab Emirates,2025-05-18 11:34:58,2025-07-13 12:02:37
33254,12,Tuesday,5,25.368797960000002,55.425073299999994,"Al Adel Street,Al Ghafia,Al Riqa Suburb,Sharjah,",2025-05-20 10:27:49,2025-07-08 10:53:40
33254,13,Tuesday,5,25.357982659999998,55.416210639999996,Al Riqa Suburb - Sharjah - United Arab Emirates,2025-05-20 10:40:52,2025-07-15 11:17:06
33254,13,Wednesday,5,25.36435864,55.412528280000004,Bu Tina - Sharjah - United Arab Emirates,2025-05-14 11:07:50,2025-07-09 11:11:47
33254,14,Sunday,5,25.35972062,55.419736320000005,Al Qadisiya - Sharjah - United Arab Emirates,2025-06-01 10:45:34,2025-07-13 12:18:40
33254,14,Tuesday,5,25.36237362,55.418668620000005,Al Naba'ah - Sharjah - United Arab Emirates,2025-05-27 11:14:13,2025-07-15 11:34:24
33254,15,Thursday,7,25.360980428571427,55.41590805714286,Industrial Area 13 - Sharjah - United Arab Emirates,2025-05-22 10:38:06,2025-07-17 11:46:15
33254,15,Tuesday,5,25.3644663,55.40680628,Al Nud - Sharjah - United Arab Emirates,2025-05-13 14:16:11,2025-07-08 11:34:33
33254,15,Wednesday,5,25.35430062,55.4151763,Al Sharq - Sharjah - United Arab Emirates,2025-06-04 12:05:15,2025-07-16 11:40:34
33254,16,Sunday,6,25.35974023333333,55.40650691666667,Al Naba'ah - Sharjah - United Arab Emirates,2025-05-18 12:11:43,2025-07-13 12:30:40
33254,16,Thursday,5,25.356100259999998,55.41417163999999,AL Hazannah - Sharjah - United Arab Emirates,2025-05-15 10:57:51,2025-07-10 11:42:04
33254,17,Thursday,5,25.36568628,55.4172233,"Tulayha Al Asadi Street,Al Jazzat,Al Riqa Suburb,Sharjah,United Arab Emirates",2025-05-15 11:11:26,2025-07-03 11:14:31
33254,17,Tuesday,6,25.360005233333336,55.41865301666667,"41,Al Nasserya,Al Sharq,Al Heerah Suburb,Sharjah,United Arab Emirates",2025-05-20 11:10:17,2025-07-08 11:46:11
33254,18,Tuesday,5,25.36745564,55.413202639999994,Al Qadisiya - Sharjah - United Arab Emirates,2025-05-20 11:23:24,2025-07-01 11:56:05
33254,18,Wednesday,5,25.35428528,55.41138094,"81,AL Mansoura,Al Riqa Suburb,Sharjah,United Arab Emirates",2025-05-28 12:17:19,2025-07-16 12:14:37
33254,19,Monday,7,25.345317585714287,55.40992804285714,Abu Shagara - Sharjah - United Arab Emirates,2025-05-19 12:46:38,2025-07-07 11:45:39
33254,19,Thursday,5,25.36147262,55.42380796,Al Azra - Sharjah - United Arab Emirates,2025-05-15 11:32:44,2025-07-10 12:10:18
33254,19,Tuesday,7,25.36542377142857,55.4116933,"37th Street,Al Qadisiya,Al Heerah Suburb,Sharjah,United Arab Emirates",2025-05-20 11:36:22,2025-07-15 12:06:29
33254,20,Thursday,5,25.37185096,55.40911896,Al Qadisiya - Sharjah - United Arab Emirates,2025-05-29 13:29:47,2025-07-10 12:18:08
33254,20,Wednesday,6,25.36046275,55.412200266666666,"180,AL Hazannah,Al Riqa Suburb,Sharjah,United Arab Emirates",2025-05-14 12:10:25,2025-07-16 12:40:33
33254,21,Sunday,5,25.351615279999997,55.41246662,"Unnamed Road,Al Ghubaiba,Halwan Suburb,Sharjah,United Arab Emirates",2025-05-18 13:30:51,2025-07-13 13:05:44
33254,21,Tuesday,7,25.358972828571428,55.41464685714286,"139,Al Ghubaiba,Halwan Suburb,Sharjah,United Arab Emirates",2025-05-27 12:31:02,2025-07-08 12:41:15
33254,22,Thursday,6,25.362395516666666,55.413601066666665,"37th Street,Al Qadisiya,Al Heerah Suburb,Sharjah,United Arab Emirates",2025-05-15 12:27:41,2025-06-19 12:37:40
33254,22,Tuesday,6,25.36947161666667,55.41261161666667,Al Qadisiya - Sharjah - United Arab Emirates,2025-05-20 12:06:07,2025-07-15 12:41:11
33254,23,Thursday,6,25.360764399999997,55.40896078333333,Industrial Area 4 - Sharjah - United Arab Emirates,2025-05-22 11:56:27,2025-07-03 11:55:44
33254,24,Thursday,5,25.35983362,55.40898594,Bu Tina - Sharjah - United Arab Emirates,2025-05-15 12:42:16,2025-07-17 12:52:11
33254,24,Tuesday,5,25.35837896,55.41450098,Al Sharq - Sharjah - United Arab Emirates,2025-05-20 12:19:38,2025-06-24 12:30:03
33254,26,Monday,7,25.344530914285713,55.41257948571428,Al Bu Daniq - Sharjah - United Arab Emirates,2025-05-19 13:53:29,2025-07-14 12:48:02
33254,26,Saturday,6,25.344383833333335,55.41493216666667,"139,Al Ghubaiba,Halwan Suburb,Sharjah,United Arab Emirates",2025-05-17 13:20:57,2025-07-19 13:17:45
33254,26,Sunday,5,25.345812979999998,55.408816279999996,Industrial Area 4 - Sharjah - United Arab Emirates,2025-05-25 14:41:54,2025-07-13 13:48:23
33254,26,Thursday,6,25.3603997,55.40668911666666,Al Sharq - Sharjah - United Arab Emirates,2025-05-15 13:23:05,2025-07-17 13:03:11
33254,26,Tuesday,5,25.353692940000002,55.40980196,Abu Shagara - Sharjah - United Arab Emirates,2025-05-13 15:26:30,2025-06-24 13:10:39
33254,26,Wednesday,7,25.35206828571429,55.4094526,Al Abar - Sharjah - United Arab Emirates,2025-05-14 13:09:32,2025-07-16 14:37:40
33254,27,Thursday,6,25.363933283333335,55.412853033333334,Al Qadisiya - Sharjah - United Arab Emirates,2025-06-05 11:57:11,2025-07-17 13:11:03
33254,27,Tuesday,5,25.34082164,55.4136276,Abu Shagara - Sharjah - United Arab Emirates,2025-05-13 15:40:40,2025-07-15 13:16:38
33254,27,Wednesday,6,25.352757766666667,55.412478316666665,Al Shahba - Sharjah - United Arab Emirates,2025-05-14 13:34:18,2025-07-09 12:44:56
33254,28,Sunday,6,25.342119666666665,55.41229275,"Unnamed Road,Al Ghubaiba,Halwan Suburb,Sharjah,United Arab Emirates",2025-05-18 14:03:19,2025-07-13 14:05:34
33254,29,Sunday,5,25.3428926,55.411454619999994,"Unnamed Road,Al Ghubaiba,Halwan Suburb,Sharjah,United Arab Emirates",2025-05-18 14:14:14,2025-07-13 14:18:01
33254,29,Tuesday,7,25.342373542857143,55.40819544285715,Abu Shagara - Sharjah - United Arab Emirates,2025-05-13 15:55:52,2025-07-15 13:34:38
33254,30,Sunday,5,25.34358198,55.4110266,Halwan Suburb - Sharjah - United Arab Emirates,2025-05-18 14:32:22,2025-07-13 14:27:54
33254,30,Wednesday,5,25.34052364,55.39904832,Abu Shagara - Sharjah - United Arab Emirates,2025-05-21 14:45:37,2025-06-25 14:26:58
33254,31,Monday,6,25.3433883,55.412944966666664,Al Mahatah - Sharjah - United Arab Emirates,2025-05-19 15:29:20,2025-07-14 13:19:48
33254,31,Sunday,8,25.3430280875,55.4090322625,Dasman - Sharjah - United Arab Emirates,2025-05-18 14:41:50,2025-07-13 14:59:39
33254,32,Monday,5,25.3449796,55.41671262,Al Mahatah - Sharjah - United Arab Emirates,2025-05-19 15:43:34,2025-07-14 13:29:51
33254,32,Tuesday,5,25.341958979999998,55.40448497999999,"Sheikh Khalifa Bin Zayed Al Nahyan Road,Abu Shagara,Sharjah,United Arab Emirates",2025-05-13 16:19:31,2025-07-01 13:51:21
33254,33,Monday,5,25.34093426,55.40833696,"Unnamed Road,Al Ghubaiba,Halwan Suburb,Sharjah,United Arab Emirates",2025-05-19 16:05:26,2025-07-14 13:36:42
33254,33,Saturday,5,25.35110962,55.41303464,Al Nud - Sharjah - United Arab Emirates,2025-05-17 14:25:20,2025-07-19 14:10:51
33254,33,Thursday,5,25.35281162,55.41456863999999,Abu Shagara - Sharjah - United Arab Emirates,2025-05-15 14:04:53,2025-06-26 15:00:35
33254,34,Monday,6,25.341135783333332,55.40862855,Industrial Area 4 - Sharjah - United Arab Emirates,2025-05-19 16:18:11,2025-07-07 14:26:00
33254,34,Sunday,5,25.3452793,55.40788996,Samnan - Sharjah - United Arab Emirates,2025-05-25 16:02:56,2025-07-13 15:51:53
33254,36,Monday,5,25.34283696,55.40804598,"139,Al Ghubaiba,Halwan Suburb,Sharjah,United Arab Emirates",2025-05-19 16:32:04,2025-07-14 14:01:19
33254,37,Monday,5,25.34360964,55.407972640000004,"Sheikh Zayed Street,Al Ghubaiba,Halwan Suburb,Sharjah,United Arab Emirates",2025-05-19 16:43:45,2025-07-14 14:11:19
33254,37,Sunday,5,25.34772564,55.408870300000004,Al Bu Daniq - Sharjah - United Arab Emirates,2025-05-18 15:38:02,2025-07-06 15:31:05
33254,37,Tuesday,5,25.3373356,55.40758096,Industrial Area 8 - Sharjah - United Arab Emirates,2025-05-13 17:08:38,2025-07-15 14:31:09
33254,39,Saturday,5,25.34703828,55.40102796,Abu Shagara - Sharjah - United Arab Emirates,2025-05-17 15:43:57,2025-07-19 15:05:43
33254,39,Tuesday,5,25.3404933,55.406438619999996,Abu Shagara - Sharjah - United Arab Emirates,2025-05-20 14:57:46,2025-07-15 14:50:58
33254,40,Wednesday,6,25.33886275,55.40944663333334,"Unnamed Road,Al Ghubaiba,Halwan Suburb,Sharjah,United Arab Emirates",2025-05-14 15:00:27,2025-07-09 13:55:41
33254,46,Thursday,5,25.3417676,55.40670232,Al Nud - Sharjah - United Arab Emirates,2025-05-15 16:06:17,2025-07-17 16:25:32
33254,46,Wednesday,5,25.3501493,55.40786096000001,Al Qadisiya - Sharjah - United Arab Emirates,2025-05-21 16:55:16,2025-07-16 17:09:43
33254,47,Wednesday,5,25.33524964,55.40079028,"Sheikh Rashid Bin Saqr Al Qasimi Street,Al Ghubaiba,Halwan Suburb,Sharjah,United Arab Emirates",2025-05-14 16:04:06,2025-07-16 17:20:45
33254,49,Wednesday,6,25.33438635,55.40114413333333,Sharqan - Sharjah - United Arab Emirates,2025-05-21 17:27:10,2025-07-02 15:54:13
33254,50,Thursday,5,25.34161098,55.406207280000004,Al Bu Daniq - Sharjah - United Arab Emirates,2025-05-22 16:37:23,2025-07-17 16:58:23
33254,55,Tuesday,5,25.34982764,55.41005798,Halwan Suburb - Sharjah - United Arab Emirates,2025-05-13 19:15:44,2025-07-01 16:24:02
33254,56,Thursday,5,25.339268280000002,55.4043483,"178,Maysaloon,Al Sharq,Sharjah,United Arab Emirates",2025-05-22 17:18:01,2025-07-17 18:01:21
33254,57,Monday,5,25.33783362,55.41270462,"Unnamed Road,Al Ghubaiba,Halwan Suburb,Sharjah,United Arab Emirates",2025-05-19 19:50:56,2025-07-07 17:45:54
33254,57,Tuesday,7,25.339768499999998,55.39798042857143,"Sheikh Rashid Bin Saqr Al Qasimi Street,Al Ghubaiba,Halwan Suburb,Sharjah,United Arab Emirates",2025-05-13 19:28:16,2025-07-08 16:37:54
33254,58,Tuesday,5,25.3445853,55.40013298,"41,Al Nasserya,Al Sharq,Al Heerah Suburb,Sharjah,United Arab Emirates",2025-05-27 18:42:06,2025-07-15 16:46:59
33254,61,Tuesday,6,25.34769745,55.40935913333334,"139,Al Ghubaiba,Halwan Suburb,Sharjah,United Arab Emirates",2025-05-13 19:46:42,2025-07-15 17:03:50
34259,0,Monday,15,25.438258966666663,55.52672663333333,Oxy Office,2025-05-19 00:12:43,2025-07-14 08:19:27
34259,0,Saturday,16,25.438249012500002,55.526827374999996,Oxy Office,2025-05-17 00:12:43,2025-07-19 00:12:43
34259,0,Sunday,16,25.43829309375,55.52679536875,"Jiddah Street,Ajman,United Arab Emirates",2025-05-18 00:12:43,2025-07-13 07:52:31
34259,0,Thursday,20,25.43823612,55.526772105,Oxy Office,2025-05-15 00:12:43,2025-07-17 23:35:41
34259,0,Tuesday,19,25.43824083157895,55.52676163157895,Oxy Office,2025-05-13 18:24:42,2025-07-15 08:23:19
34259,0,Wednesday,17,25.43826064117647,55.52678720588236,Oxy Office,2025-05-14 00:12:43,2025-07-16 00:12:43
34259,1,Monday,9,25.4203218,55.51496182222222,Al Jerf Industrial 1 - Ajman - United Arab Emirates,2025-05-19 08:48:53,2025-07-14 08:26:52
34259,1,Saturday,12,25.409204525000003,55.518537875,Al Jerf Industrial 1 - Ajman - United Arab Emirates,2025-05-17 09:02:47,2025-07-19 08:54:43
34259,1,Sunday,13,25.40691737692308,55.49203020769231,Al Jerf Industrial 1 - Ajman - United Arab Emirates,2025-05-18 08:53:32,2025-07-13 07:59:11
34259,1,Thursday,14,25.376705907142856,55.48638902142857,Al Jerf Industrial 1 - Ajman - United Arab Emirates,2025-05-15 08:39:48,2025-07-17 09:02:18
34259,1,Tuesday,13,25.396837261538458,55.50337444615385,Ajman - United Arab Emirates,2025-05-20 08:52:05,2025-07-15 08:29:21
34259,1,Wednesday,11,25.421376763636363,55.51970220909091,Al Jerf Industrial 1 - Ajman - United Arab Emirates,2025-05-14 15:37:40,2025-07-16 08:39:39
34259,2,Monday,8,25.383160175,55.4873251625,Al Jerf Industrial 3 - Ajman - United Arab Emirates,2025-05-19 19:04:52,2025-07-14 09:15:19
34259,2,Saturday,8,25.399021412499998,55.4992187125,Industrial Area 11 - Sharjah - United Arab Emirates,2025-05-17 09:53:59,2025-07-19 09:07:30
34259,2,Sunday,5,25.37161496,55.4325653,Al Jerf Industrial 1 - Ajman - United Arab Emirates,2025-05-25 13:34:34,2025-06-22 12:32:53
34259,2,Thursday,7,25.37905067142857,55.4756359,Al Jerf Industrial 1 - Ajman - United Arab Emirates,2025-05-22 09:00:39,2025-07-17 14:49:15
34259,2,Tuesday,7,25.376788542857145,55.484420914285714,Al Jerf Industrial 1 - Ajman - United Arab Emirates,2025-05-20 09:13:18,2025-07-15 09:26:38
34259,2,Wednesday,5,25.40645996,55.50787663999999,Al Jerf Industrial 1 - Ajman - United Arab Emirates,2025-05-14 17:59:25,2025-07-02 14:37:58
34259,3,Monday,5,25.3600316,55.46574562000001,Al Jerf Industrial 1 - Ajman - United Arab Emirates,2025-05-19 09:23:00,2025-07-14 09:48:23
34259,3,Saturday,5,25.39107426,55.48717061999999,Al Jerf Industrial 1 - Ajman - United Arab Emirates,2025-05-17 19:26:00,2025-07-19 17:24:28
34259,3,Sunday,5,25.33681396,55.40651562000001,Al Jerf Industrial 1 - Ajman - United Arab Emirates,2025-05-25 19:17:04,2025-06-29 11:36:35
34259,3,Tuesday,6,25.364153016666666,55.46865551666667,Al Jerf Industrial 1 - Ajman - United Arab Emirates,2025-05-20 09:30:53,2025-07-15 10:12:01
34259,3,Wednesday,5,25.37891062,55.47575928,"Third Industrial Street,Industrial Area 10,Industrial Area,Sharjah,United Arab Emirates",2025-06-04 10:14:19,2025-06-25 17:26:11
34259,4,Wednesday,5,25.3019813,55.416186319999994,"Third Industrial Street,Industrial Area 10,Industrial Area,Sharjah,United Arab Emirates",2025-05-14 09:34:37,2025-07-16 09:40:31
34259,5,Saturday,6,25.33099605,55.44433885,Ajman - United Arab Emirates,2025-05-17 19:58:54,2025-07-19 10:01:19
34259,5,Thursday,6,25.343174133333335,55.4278555,"37th Street,Al Qadisiya,Al Heerah Suburb,Sharjah,United Arab Emirates",2025-05-22 09:52:03,2025-07-17 19:39:50
34259,5,Tuesday,5,25.2897453,55.44593827999999,Industrial Area 15 - Sharjah - United Arab Emirates,2025-05-13 13:51:49,2025-07-08 10:03:00
34259,5,Wednesday,7,25.31944902857143,55.42856257142857,"Third Industrial Street,Industrial Area 10,Industrial Area,Sharjah,United Arab Emirates",2025-05-14 09:52:47,2025-07-16 09:50:52
34259,6,Monday,5,25.31369798,55.4055073,Industrial Area 6 - Sharjah - United Arab Emirates,2025-05-26 10:34:44,2025-07-14 12:08:24
34259,8,Thursday,5,25.31607628,55.41685426,Industrial Area - Sharjah - United Arab Emirates,2025-06-05 09:03:06,2025-07-17 10:03:49
34259,9,Thursday,5,25.3135803,55.420250980000006,23 Third Industrial St - Sharjah - United Arab Emirates,2025-05-15 09:45:39,2025-07-17 10:11:53
34259,9,Wednesday,5,25.29554294,55.42430028,Industrial Area 11 - Sharjah - United Arab Emirates,2025-05-14 10:51:56,2025-07-09 10:29:58
34259,10,Monday,5,25.314815959999997,55.4168973,23 Third Industrial St - Sharjah - United Arab Emirates,2025-05-19 10:46:32,2025-07-07 09:57:20
34259,11,Saturday,5,25.29750328,55.399091659999996,Al Nahda - Sharjah - United Arab Emirates,2025-05-24 11:17:03,2025-07-19 10:43:01
34259,11,Wednesday,8,25.299437875,55.4162337,Al Ittihad Rd - Sharjah - United Arab Emirates,2025-05-14 11:41:53,2025-07-16 10:47:14
34259,12,Tuesday,5,25.30500696,55.411171960000004,Industrial Area - Sharjah - United Arab Emirates,2025-06-03 11:33:13,2025-07-15 10:28:45
34259,13,Thursday,5,25.30797728,55.410961640000004,"334,Industrial Area 6,Industrial Area,Sharjah,United Arab Emirates",2025-05-15 10:11:30,2025-07-10 10:37:09
34259,13,Wednesday,5,25.300464299999998,55.4034943,Industrial Area 15 - Sharjah - United Arab Emirates,2025-06-04 12:09:38,2025-07-16 11:27:26
34259,14,Tuesday,6,25.305003016666664,55.405592766666665,Industrial Area - Sharjah - United Arab Emirates,2025-05-20 11:39:12,2025-06-24 12:21:35
34259,15,Monday,5,25.29942796,55.424982320000005,"334,Industrial Area 6,Industrial Area,Sharjah,United Arab Emirates",2025-05-19 11:21:27,2025-06-30 12:03:14
34259,15,Tuesday,6,25.301000799999997,55.41490135,Industrial Area - Sharjah - United Arab Emirates,2025-05-27 10:51:21,2025-07-15 10:49:21
34259,16,Tuesday,5,25.298059260000002,55.417281960000004,Industrial Area 15 - Sharjah - United Arab Emirates,2025-06-10 12:51:47,2025-07-15 11:27:51
34259,17,Monday,5,25.309437300000003,55.409576619999996,S106 - Sharjah - United Arab Emirates,2025-06-09 12:25:09,2025-07-14 10:38:39
34259,17,Tuesday,5,25.30053732,55.41402495999999,Industrial Area - Sharjah - United Arab Emirates,2025-05-20 11:51:54,2025-07-08 11:42:14
34259,19,Thursday,5,25.30118062,55.41205896,Al Ittihad Rd - Sharjah - United Arab Emirates,2025-05-15 11:13:50,2025-07-17 11:52:27
34259,22,Thursday,5,25.31571228,55.45533494,Industrial Area 15 - Sharjah - United Arab Emirates,2025-05-15 12:28:43,2025-06-26 12:00:17
34259,23,Wednesday,5,25.29883726,55.40899162000001,Al Ittihad Rd - Sharjah - United Arab Emirates,2025-05-14 13:06:21,2025-07-16 13:29:41
34259,30,Thursday,5,25.28510062,55.43545864,"Aweer - Khawaneej Road,Industrial Area 18,Sharjah,Dubai,United Arab Emirates",2025-05-15 14:41:28,2025-07-17 13:12:30
34259,32,Thursday,6,25.29278605,55.41487718333334,"S102,Industrial Area 15,Industrial Area,Sharjah,United Arab Emirates",2025-06-12 13:25:17,2025-07-17 13:36:55
34259,33,Thursday,6,25.29051275,55.4296958,Industrial Area 15 - Sharjah - United Arab Emirates,2025-05-29 15:26:13,2025-07-17 13:49:10
34259,38,Thursday,6,25.290878833333334,55.4389919,"Unnamed Road,Muwailih Commercial,Industrial Area,Sharjah,United Arab Emirates",2025-05-22 14:18:36,2025-07-17 14:19:26
34259,41,Saturday,5,25.301893619999998,55.45083896,Industrial Area 13 - Sharjah - United Arab Emirates,2025-05-24 17:17:40,2025-07-19 16:23:40
34259,43,Thursday,5,25.30046596,55.44531429999999,"Unnamed Road,Muwailih Commercial,Industrial Area,Sharjah,United Arab Emirates",2025-05-15 16:26:33,2025-07-17 15:22:30
34259,48,Wednesday,5,25.32274026,55.46033328,"Sheikh Khalifa Bin Zayed Al Nahyan Road,Muwailih Commercial,Industrial Area,Sharjah,United Arab Emirates",2025-05-14 16:20:12,2025-07-02 16:19:23
34261,0,Monday,18,25.43825162222222,55.526738288888886,Oxy Office,2025-05-19 00:12:43,2025-07-14 08:44:08
34261,0,Saturday,18,25.438261244444444,55.526696066666666,Oxy Office,2025-05-17 00:12:43,2025-07-19 08:53:34
34261,0,Sunday,17,25.438261917647058,55.526661435294116,Oxy Office,2025-05-18 00:12:43,2025-07-13 08:49:25
34261,0,Thursday,21,25.43826693333333,55.52673677619048,Oxy Office,2025-05-15 00:12:43,2025-07-17 22:31:29
34261,0,Tuesday,19,25.43827328947368,55.526725836842104,Oxy Office,2025-05-13 13:10:33,2025-07-15 08:51:07
34261,0,Wednesday,20,25.438236964999998,55.526726045,Oxy Office,2025-05-14 00:12:43,2025-07-16 08:57:22
34261,1,Monday,7,25.425342800000003,55.50361042857143,Al Jerf Industrial 3 - Ajman - United Arab Emirates,2025-05-19 09:21:11,2025-07-14 08:43:53
34261,1,Saturday,5,25.43083026,55.5217923,Al Jerf Industrial 1 - Ajman - United Arab Emirates,2025-05-17 11:25:29,2025-07-19 09:13:51
34261,1,Sunday,8,25.41910455,55.4999587125,Al Rashidiya 1 - Ajman - United Arab Emirates,2025-05-18 13:24:20,2025-07-06 09:32:25
34261,1,Thursday,8,25.433192225,55.524247887499996,"Unnamed Road,Al Jerf Industrial 1,Ajman,United Arab Emirates",2025-05-22 08:55:31,2025-07-17 08:52:27
34261,1,Tuesday,9,25.432659977777778,55.5140705,Oxy Office,2025-05-13 16:38:11,2025-07-15 09:01:48
34261,1,Wednesday,7,25.4255416,55.511314742857145,Ajman - United Arab Emirates,2025-05-21 15:02:18,2025-07-16 09:05:28
34261,2,Monday,5,25.42878464,55.51188162,Al Jerf Industrial 3 - Ajman - United Arab Emirates,2025-05-19 09:30:46,2025-07-14 08:56:05
34261,2,Sunday,11,25.41758299090909,55.50455541818182,Al Rashidiya 1 - Ajman - United Arab Emirates,2025-06-01 09:29:11,2025-07-13 15:43:47
34261,2,Thursday,7,25.415456614285713,55.51223662857143,Al Hamidiya 1 - Ajman - United Arab Emirates,2025-05-15 09:12:09,2025-07-17 10:44:13
34261,2,Tuesday,7,25.41939805714286,55.48957877142857,"Jiddah Street,Sharjah,United Arab Emirates",2025-05-20 11:26:04,2025-07-15 09:44:54
34261,2,Wednesday,5,25.411000960000003,55.49675528,Al Nuaimia 1 - Ajman - United Arab Emirates,2025-05-21 15:25:59,2025-06-25 09:34:15
34261,3,Saturday,5,25.41085762,55.510177639999995,Al Muwaihat 3 - Ajman - United Arab Emirates,2025-05-17 09:59:05,2025-07-05 13:26:30
34261,3,Thursday,7,25.419276599999996,55.51017115714286,Al Hamidiya 1 - Ajman - United Arab Emirates,2025-05-15 13:16:03,2025-07-17 11:00:00
34261,3,Tuesday,7,25.42345614285714,55.49923521428571,Al Jerf Industrial 1 - Ajman - United Arab Emirates,2025-05-13 16:36:12,2025-07-08 13:17:46
34261,3,Wednesday,9,25.414265144444446,55.514457533333335,Al Muwaihat 3 - Ajman - United Arab Emirates,2025-05-14 09:29:27,2025-07-16 09:57:00
34261,4,Monday,7,25.4113664,55.50277497142857,Al Jerf 2 - Ajman - United Arab Emirates,2025-05-19 10:02:31,2025-07-07 10:59:28
34261,4,Sunday,6,25.41252636666667,55.50082913333333,"Shaikh Rashid Bin Abdul Aziz Aaemi Street,Al Jerf 2,Ajman,United Arab Emirates",2025-05-18 16:14:43,2025-07-13 09:56:05
34261,4,Thursday,5,25.4137046,55.50427698,Al Nuaimia 1 - Ajman - United Arab Emirates,2025-05-15 09:30:18,2025-07-10 13:09:32
34261,4,Tuesday,6,25.426147466666666,55.51580385,Al Jerf Industrial 1 - Ajman - United Arab Emirates,2025-05-13 17:00:44,2025-07-08 09:41:50
34261,4,Wednesday,10,25.41414096,55.51148563,Al Nuaimia 1 - Ajman - United Arab Emirates,2025-05-14 09:48:50,2025-07-09 13:19:52
34261,5,Saturday,5,25.42433596,55.504168619999994,Al Jerf Industrial 1 - Ajman - United Arab Emirates,2025-05-17 21:09:12,2025-07-19 10:21:26
34261,5,Thursday,5,25.406471279999998,55.4917803,Al Rawda 2 - Ajman - United Arab Emirates,2025-05-22 09:49:37,2025-07-10 10:26:17
34261,5,Tuesday,8,25.419410775,55.516415175,"Unnamed Road,Al Jerf Industrial 1,Ajman,United Arab Emirates",2025-05-20 10:13:55,2025-07-08 19:17:39
34261,5,Wednesday,7,25.41104972857143,55.49874068571428,Staff Accomodation,2025-05-14 10:52:01,2025-07-09 17:29:32
34261,6,Sunday,5,25.41522196,55.493289600000004,Al Bustan - Ajman - United Arab Emirates,2025-05-25 10:13:39,2025-06-29 18:20:15
34261,6,Thursday,11,25.39931630909091,55.48190207272727,Ajman - United Arab Emirates,2025-05-15 10:01:03,2025-07-17 11:32:45
34261,6,Wednesday,6,25.411432199999997,55.489565516666666,Ajman - United Arab Emirates,2025-05-21 09:44:17,2025-07-09 10:38:46
34261,7,Monday,6,25.396344666666664,55.49965246666667,Al Muwaihat 3 - Ajman - United Arab Emirates,2025-05-19 10:26:49,2025-06-30 10:54:24
34261,7,Sunday,6,25.40386438333333,55.49825246666666,2 Al Nuaimia - Ajman - United Arab Emirates,2025-06-08 10:18:56,2025-07-13 10:15:39
34261,7,Thursday,9,25.407666055555556,55.49782236666667,"17,3 Al Nuaimia,Ajman,United Arab Emirates",2025-05-15 10:12:42,2025-07-10 10:52:40
34261,9,Monday,5,25.4017816,55.493752300000004,Al Rashidiya 1 - Ajman - United Arab Emirates,2025-06-02 11:15:11,2025-07-14 10:30:08
34261,9,Sunday,5,25.39993062,55.49747964000001,"65,Al Hamidiya 2,Hamidiya,Ajman,United Arab Emirates",2025-05-18 10:55:08,2025-07-13 10:31:56
34261,10,Tuesday,5,25.398154979999997,55.48136998,Al Hamidiya 1 - Ajman - United Arab Emirates,2025-05-13 17:24:25,2025-07-15 10:46:27
34261,10,Wednesday,5,25.40110896,55.47868129999999,Al Owan - Ajman - United Arab Emirates,2025-05-21 10:09:20,2025-07-16 10:46:16
34261,11,Tuesday,5,25.393572940000002,55.485479299999994,Al Rashidiya 3 - Ajman - United Arab Emirates,2025-05-27 16:02:44,2025-07-15 11:03:04
34261,11,Wednesday,5,25.40436262,55.501105640000006,Al Hamidiya 1 - Ajman - United Arab Emirates,2025-05-28 15:42:11,2025-07-16 11:02:47
34261,13,Tuesday,5,25.40437226,55.459755959999995,Al Hamidiya 1 - Ajman - United Arab Emirates,2025-05-13 17:39:30,2025-06-10 10:35:04
34261,18,Monday,5,25.40771962,55.4860183,2 Al Nuaimia - Ajman - United Arab Emirates,2025-05-19 11:58:18,2025-07-14 11:57:37
34261,27,Saturday,5,25.409926640000002,55.50189996,"Amberjem Tower,Sheikh Khalifa Bin Zayed Street,Ajman,United Arab Emirates",2025-05-17 13:35:39,2025-07-19 18:38:59
34261,27,Thursday,7,25.41271447142857,55.472910185714284,Al Rumailah - Ajman - United Arab Emirates,2025-05-15 13:08:55,2025-07-03 17:19:01
34261,30,Monday,5,25.393309640000002,55.48428163999999,Ajman - United Arab Emirates,2025-05-26 14:31:20,2025-07-07 17:55:38
34261,33,Sunday,5,25.41157828,55.47684696,Al Rashidiya 3 - Ajman - United Arab Emirates,2025-05-18 13:50:40,2025-06-29 18:50:42
34261,37,Wednesday,5,25.38514262,55.465046959999995,"127,Al Nuaimia 1,Ajman,United Arab Emirates",2025-05-14 13:47:58,2025-06-25 20:33:28
36346,0,Monday,18,25.43827875,55.526711899999995,Oxy Office,2025-05-19 00:12:43,2025-07-14 09:08:02
36346,0,Saturday,18,25.43828348888889,55.52670384444444,Oxy Office,2025-05-17 00:12:43,2025-07-19 09:15:09
36346,0,Sunday,17,25.438280852941176,55.526707511764705,Oxy Office,2025-05-18 00:12:43,2025-07-13 09:03:28
36346,0,Thursday,20,25.43826563,55.52672546,Oxy Office,2025-05-15 00:12:43,2025-07-17 22:47:49
36346,0,Tuesday,19,25.43824215263158,55.526696363157896,Oxy Office,2025-05-13 17:03:58,2025-07-15 09:01:57
36346,0,Wednesday,18,25.438264383333333,55.526698938888885,Oxy Office,2025-05-14 00:12:43,2025-07-16 09:17:07
36346,1,Monday,10,25.420458959999998,55.50010027,Ajman - United Arab Emirates,2025-05-19 09:37:04,2025-07-14 10:20:43
36346,1,Saturday,7,25.384407799999998,55.432730671428565,"Sheikh Ammar Bin Humaid Street,Al Jerf Industrial 1,Ajman,United Arab Emirates",2025-05-17 10:09:51,2025-07-19 10:30:57
36346,1,Sunday,8,25.4028249625,55.46384705,Al Jerf Industrial 3 - Ajman - United Arab Emirates,2025-05-18 09:58:44,2025-07-06 09:59:25
36346,1,Thursday,9,25.420512733333332,55.49684661111111,"Sheikh Ammar Bin Humaid Street,Al Jerf Industrial 1,Ajman,United Arab Emirates",2025-05-15 11:13:08,2025-07-17 09:23:33
36346,1,Tuesday,10,25.40692978,55.497306460000004,Al Jerf Industrial 3 - Ajman - United Arab Emirates,2025-05-20 09:10:05,2025-07-15 09:17:03
36346,1,Wednesday,5,25.40552262,55.49257532,"Sheikh Ammar Bin Humaid Street,Al Jerf Industrial 1,Ajman,United Arab Emirates",2025-05-21 09:10:38,2025-07-09 10:23:22
36346,2,Monday,7,25.395894242857143,55.464836614285716,Al Heerah Suburb - Sharjah - United Arab Emirates,2025-05-19 10:38:24,2025-07-07 09:56:17
36346,2,Sunday,8,25.359455162499998,55.39945205,Al Qulaya'ah - Sharjah - United Arab Emirates,2025-05-25 10:49:19,2025-07-13 09:31:25
36346,2,Thursday,7,25.379794714285712,55.42641734285714,"Sheikh Ammar Bin Humaid Street,Al Jerf Industrial 1,Ajman,United Arab Emirates",2025-05-22 12:32:10,2025-07-17 13:22:31
36346,2,Wednesday,5,25.38910132,55.44072096,Al Jerf Industrial 1 - Ajman - United Arab Emirates,2025-06-11 14:15:25,2025-07-16 14:00:51
36346,3,Monday,9,25.370946255555555,55.4230268,Al Shahba - Sharjah - United Arab Emirates,2025-05-26 10:45:44,2025-07-14 18:58:35
36346,3,Saturday,8,25.362017025,55.389541625,Al Sharq - Sharjah - United Arab Emirates,2025-05-17 13:10:26,2025-07-19 14:05:50
36346,3,Sunday,7,25.372697314285716,55.41522877142857,Al Riqa Suburb - Sharjah - United Arab Emirates,2025-05-18 11:56:25,2025-07-13 12:03:14
36346,3,Thursday,6,25.35370105,55.39916133333333,Al Bu Daniq - Sharjah - United Arab Emirates,2025-05-15 15:05:12,2025-07-17 14:03:04
36346,3,Tuesday,7,25.369963542857143,55.43047685714286,"Sheikh Ammar Bin Humaid Street,Al Jerf Industrial 1,Ajman,United Arab Emirates",2025-05-13 23:18:18,2025-06-24 13:19:29
36346,3,Wednesday,5,25.36639396,55.412401939999995,Al Jerf Industrial 1 - Ajman - United Arab Emirates,2025-05-21 12:38:37,2025-07-16 14:52:02
36346,4,Saturday,5,25.35414596,55.4018013,Al Naba'ah - Sharjah - United Arab Emirates,2025-05-17 13:56:22,2025-07-19 14:35:02
36346,4,Sunday,6,25.357857983333332,55.40396023333333,Al Gharb - Sharjah - United Arab Emirates,2025-05-18 12:19:28,2025-07-13 14:24:23
36346,4,Thursday,5,25.37408062,55.42299064,Al Sharq - Sharjah - United Arab Emirates,2025-05-22 14:27:02,2025-06-19 10:21:33
36346,4,Wednesday,6,25.36428911666667,55.39712856666666,Al Sharq - Sharjah - United Arab Emirates,2025-05-21 14:00:43,2025-07-16 18:16:54
36346,5,Sunday,7,25.36094757142857,55.41908042857143,Al Ghuwair - Sharjah - United Arab Emirates,2025-05-18 20:04:47,2025-07-06 19:56:54
36346,5,Thursday,6,25.361154416666665,55.40439328333333,"Al Kuwait Street,Al Qadisiya,Al Heerah Suburb,Sharjah,United Arab Emirates",2025-05-22 16:03:29,2025-07-17 17:15:42
36346,6,Thursday,5,25.4217703,55.50039294,"Street 10,Al Nasserya,Al Sharq,Sharjah,United Arab Emirates",2025-06-05 19:14:43,2025-07-17 19:46:49
36346,6,Wednesday,5,25.35693162,55.39485564,Al Ghuwair - Sharjah - United Arab Emirates,2025-05-21 10:25:23,2025-07-16 09:57:15
36346,7,Monday,5,25.38344462,55.43600132,"Al Zahra'a Street,Al Musalla,Al Gharb,Sharjah,United Arab Emirates",2025-06-09 19:16:27,2025-07-14 10:04:34
36346,8,Thursday,6,25.343262183333334,55.40520328333333,Industrial Area 13 - Sharjah - United Arab Emirates,2025-05-15 19:12:35,2025-07-17 10:19:02
36346,9,Wednesday,5,25.351376300000002,55.4104633,AL Hazannah - Sharjah - United Arab Emirates,2025-05-28 09:47:26,2025-07-16 10:35:36
36346,10,Wednesday,6,25.3640686,55.4229202,Industrial Area 6 - Sharjah - United Arab Emirates,2025-05-14 10:10:30,2025-07-16 10:51:45
36346,22,Monday,5,25.335652279999998,55.408675960000004,Industrial Area 13 - Sharjah - United Arab Emirates,2025-05-19 12:10:55,2025-07-07 14:26:38
36346,22,Thursday,5,25.33043094,55.39849597999999,"Abd Essalam Arif Street,Al Majaz 2,Al Majaz,Sharjah,United Arab Emirates",2025-05-29 12:53:02,2025-07-17 11:33:31
36346,41,Tuesday,5,25.34388294,55.402600959999994,Industrial Area 12 - Sharjah - United Arab Emirates,2025-05-13 18:32:25,2025-07-08 17:33:15
36346,55,Wednesday,6,25.370012733333336,55.40373358333333,Al Qasimi St - Sharjah - United Arab Emirates,2025-05-14 17:08:54,2025-07-02 17:15:05
36386,0,Monday,8,25.433964775,55.5240681,Oxy Office,2025-05-19 08:00:34,2025-07-14 08:38:17
36386,0,Saturday,8,25.433952050000002,55.524043725,Oxy Office,2025-05-17 08:01:26,2025-07-05 08:44:00
36386,0,Sunday,11,25.435166936363636,55.52482557272728,Oxy Office,2025-05-18 08:05:17,2025-07-13 08:36:48
36386,0,Thursday,5,25.43826996,55.52674596000001,Oxy Office,2025-05-15 08:18:13,2025-07-17 00:12:43
36386,0,Wednesday,12,25.435375091666668,55.52499925833334,Oxy Office,2025-05-21 08:01:07,2025-07-16 08:37:02
36386,1,Saturday,5,25.42962166,55.51728996000001,Al Jerf Industrial 1 - Ajman - United Arab Emirates,2025-05-31 08:07:12,2025-06-28 08:30:39
36386,1,Thursday,6,25.33027885,55.40611275,Al Jerf Industrial 1 - Ajman - United Arab Emirates,2025-05-15 08:37:15,2025-07-03 08:46:29
36386,1,Tuesday,6,25.148538583333334,55.35253773333333,"Unnamed Road,Arjan-Dubailand,Al Barsha South,Al Barsha,Dubai,United Arab Emirates",2025-05-13 13:05:46,2025-07-15 11:58:32
36386,2,Saturday,5,25.336435299999998,55.41263962000001,Ajman - United Arab Emirates,2025-05-17 08:10:03,2025-06-21 13:42:40
36386,3,Monday,5,25.397309959999998,55.49805162,Oxy Office,2025-06-09 18:03:17,2025-07-14 16:51:01
36386,3,Sunday,5,25.40453196,55.48283798,Oxy Office,2025-05-18 17:54:47,2025-07-06 16:37:17
36386,3,Tuesday,6,25.269861633333335,55.395965233333335,Ajman - United Arab Emirates,2025-05-20 12:06:15,2025-07-08 18:15:13
36386,10,Tuesday,5,25.0385193,55.31716730000001,Dunes Village 2 - Dubai - United Arab Emirates,2025-05-20 09:50:41,2025-07-08 10:30:53
36386,57,Thursday,5,25.2438913,55.293537279999995,"Al Khulood School, Street 6A - Dubai - United Arab Emirates",2025-05-15 14:46:21,2025-07-17 15:10:46
36389,0,Monday,18,25.438269494444445,55.52680079444444,Oxy Office,2025-05-19 00:12:43,2025-07-14 09:13:59
36389,0,Saturday,15,25.43827128,55.52689652,Oxy Office,2025-05-17 00:12:43,2025-07-19 09:22:20
36389,0,Sunday,17,25.438286229411766,55.52673612352941,Oxy Office,2025-05-18 00:12:43,2025-07-13 09:11:39
36389,0,Thursday,21,25.43830138095238,55.52674440476191,Oxy Office,2025-05-15 00:12:43,2025-07-17 22:39:00
36389,0,Tuesday,20,25.426293205,55.522405879999994,"39,Mirdif,Dubai,United Arab Emirates",2025-05-13 12:49:53,2025-07-15 09:14:51
36389,0,Wednesday,20,25.4382847,55.526765884999996,Oxy Office,2025-05-14 00:12:43,2025-07-16 09:22:05
36389,1,Monday,12,25.432844525000004,55.53102356666667,Al Jerf Industrial 1 - Ajman - United Arab Emirates,2025-05-19 09:19:49,2025-07-14 09:29:02
36389,1,Saturday,15,25.43310916,55.53112386666667,Al Jerf Industrial 1 - Ajman - United Arab Emirates,2025-05-17 08:59:12,2025-07-19 09:35:36
36389,1,Sunday,12,25.432912875,55.531084275000005,Al Jerf Industrial 1 - Ajman - United Arab Emirates,2025-05-18 08:42:28,2025-07-13 09:20:38
36389,1,Thursday,12,25.431310225,55.52870274166667,Al Jerf Industrial 1 - Ajman - United Arab Emirates,2025-05-22 08:58:36,2025-07-17 09:44:55
36389,1,Tuesday,13,25.43363903846154,55.53070561538462,Al Jerf Industrial 1 - Ajman - United Arab Emirates,2025-05-13 17:38:29,2025-07-15 09:24:04
36389,1,Wednesday,12,25.433335091666667,55.53087745833333,Al Jerf Industrial 1 - Ajman - United Arab Emirates,2025-05-14 19:59:05,2025-07-16 09:30:38
36389,2,Saturday,11,25.343893445454547,55.451905399999994,Al Qusais 2 - Dubai - United Arab Emirates,2025-05-17 17:27:38,2025-07-19 10:47:08
36389,2,Sunday,6,25.351603816666668,55.45616913333333,Quds Street 1 - Dubai - United Arab Emirates,2025-05-18 09:41:26,2025-07-13 09:39:10
36389,2,Thursday,6,25.408423866666666,55.503571066666666,Al Qusais 2 - Dubai - United Arab Emirates,2025-05-22 19:41:34,2025-07-03 20:57:22
36389,2,Tuesday,6,25.393508033333333,55.51118358333333,"414,Al Warqa 1,Al Warqa,Dubai,United Arab Emirates",2025-05-13 13:28:17,2025-07-15 09:47:08
36389,4,Sunday,5,25.27952062,55.36852728,Al Qusais 1 - Dubai - United Arab Emirates,2025-05-18 09:58:03,2025-07-06 10:31:18
36389,6,Tuesday,5,25.283578260000002,55.40530295999999,"414,Al Warqa 1,Al Warqa,Dubai,United Arab Emirates",2025-05-13 14:10:55,2025-07-08 10:48:50
36389,9,Wednesday,6,25.287784666666667,55.361789683333335,Hor Al Anz East - Dubai - United Arab Emirates,2025-05-14 11:11:32,2025-07-09 11:43:29
36389,22,Wednesday,5,25.25956362,55.400108620000005,Al Nahda 2 - Dubai - United Arab Emirates,2025-05-28 13:12:25,2025-07-16 13:15:01
36389,23,Thursday,5,25.244860640000002,55.41608096,"Oud Al Muteena 2, Mosque 1 - Dubai - United Arab Emirates",2025-05-15 12:10:34,2025-07-17 13:38:56
36389,23,Wednesday,5,25.25729796,55.40342596000001,Al Nahda 2 - Dubai - United Arab Emirates,2025-05-28 13:26:38,2025-07-16 13:35:52
36389,25,Saturday,7,25.27054257142857,55.40743282857142,Al Qusais Industrial Area - Dubai - United Arab Emirates,2025-05-17 12:14:48,2025-07-12 13:15:02
36389,25,Thursday,5,25.225352960000002,55.43910328,"Oud Al Muteena 2, Mosque 1 - Dubai - United Arab Emirates",2025-05-15 12:24:13,2025-07-17 14:21:45
36389,25,Wednesday,5,25.26860928,55.387106960000004,"S102,Al Qusais Industrial Area 5,Al Qusais Industrial Area,Dubai,United Arab Emirates",2025-05-21 13:21:38,2025-07-16 14:02:06
36389,26,Sunday,7,25.182290899999998,55.404263271428576,"Unnamed Road,Nad Al Sheba 3,Nad Al Sheba,Dubai,United Arab Emirates",2025-05-18 14:44:05,2025-07-13 13:26:32
36389,27,Monday,5,25.2060673,55.41757264,"414,Al Warqa 1,Al Warqa,Dubai,United Arab Emirates",2025-05-26 14:14:37,2025-07-07 13:47:04
36389,28,Thursday,5,25.19664728,55.41415062,Al Warqa - Dubai - United Arab Emirates,2025-06-05 13:48:31,2025-07-10 14:00:04
36389,29,Saturday,5,25.22120228,55.41339462,Mirdif - Dubai - United Arab Emirates,2025-05-24 14:28:30,2025-07-19 14:08:36
36389,29,Sunday,5,25.17596862,55.396352300000004,Al Rashidiya - Dubai - United Arab Emirates,2025-05-18 15:18:51,2025-07-13 14:25:21
36389,30,Tuesday,5,25.21290362,55.39505594,Al Rashidiya - Dubai - United Arab Emirates,2025-05-20 14:48:56,2025-07-08 15:21:06
36389,31,Sunday,6,25.204645499999998,55.399078016666664,Al Rashidiya - Dubai - United Arab Emirates,2025-05-18 15:36:21,2025-06-29 14:55:54
36389,31,Tuesday,5,25.22087428,55.38980262,Al Rashidiya - Dubai - United Arab Emirates,2025-05-20 14:57:59,2025-07-15 15:04:34
36389,32,Thursday,5,25.203735639999998,55.403328959999996,414 - Dubai - United Arab Emirates,2025-05-22 14:14:37,2025-07-17 15:57:09
36389,34,Saturday,5,25.19668328,55.40060662,"414,Al Warqa 1,Al Warqa,Dubai,United Arab Emirates",2025-05-24 15:08:00,2025-07-19 14:58:26
36389,35,Monday,5,25.19912332,55.3986813,"Unnamed Road,Al Warqa 1,Al Warqa,Dubai,United Arab Emirates",2025-05-19 15:24:24,2025-07-14 16:37:42
36389,36,Thursday,5,25.23718094,55.425083300000004,414 - Dubai - United Arab Emirates,2025-05-15 13:50:19,2025-07-17 17:53:01
36389,37,Monday,5,25.210033279999998,55.393976620000004,Al Warqa - Dubai - United Arab Emirates,2025-05-26 15:20:08,2025-07-07 15:47:09
36389,37,Saturday,5,25.2006156,55.41164794,Al Warqa'a J 1 - Dubai - United Arab Emirates,2025-05-17 14:20:14,2025-07-19 15:35:13
36389,37,Wednesday,6,25.20530355,55.420995233333336,Al Warqa 3 - Dubai - United Arab Emirates,2025-05-14 15:43:13,2025-07-16 15:45:43
36389,38,Monday,5,25.22223962,55.388812619999996,"414,Al Warqa 1,Al Warqa,Dubai,United Arab Emirates",2025-05-19 15:53:51,2025-07-07 15:55:09
36389,38,Saturday,5,25.1834896,55.40653196000001,"414,Al Warqa'a, Al Jazeiry Building 1,Al Warqa 1,Al Warqa,Dubai,United Arab Emirates",2025-05-17 14:31:16,2025-07-05 15:31:14
36389,38,Thursday,6,25.20603135,55.39013165,Al Warqa - Dubai - United Arab Emirates,2025-05-15 14:10:15,2025-07-10 16:07:44
36389,39,Saturday,6,25.1896544,55.40163329999999,"Unnamed Road,Al Warqa 1,Al Warqa,Dubai,United Arab Emirates",2025-05-17 14:43:00,2025-07-19 16:20:29
36389,39,Sunday,5,25.254928619999998,55.42099462,Oxy Office,2025-05-18 17:29:02,2025-06-29 15:58:16
36389,41,Monday,5,25.228213959999998,55.386935300000005,Al Rashidiya - Dubai - United Arab Emirates,2025-05-19 16:20:29,2025-07-07 16:19:30
36389,41,Wednesday,5,25.17778332,55.398660959999994,"414,Al Warqa'a, Al Jazeiry Building 1,Al Warqa 1,Al Warqa,Dubai,United Arab Emirates",2025-05-14 16:32:10,2025-07-02 15:33:14
36389,42,Saturday,5,25.20508726,55.4096813,Al Rashidiya - Dubai - United Arab Emirates,2025-05-24 17:12:02,2025-07-19 17:03:34
36389,46,Wednesday,6,25.210011633333334,55.3912769,Al Rashidiya - Dubai - United Arab Emirates,2025-05-14 17:24:10,2025-07-02 16:02:06
37923,0,Monday,16,25.438263925,55.52677549375,Oxy Office,2025-05-19 00:12:43,2025-07-14 07:36:27
37923,0,Saturday,18,25.43826301111111,55.526798283333335,Oxy Office,2025-05-17 00:12:43,2025-07-19 09:17:37
37923,0,Sunday,17,25.438252788235296,55.52677162352941,Oxy Office,2025-05-18 00:12:43,2025-07-13 07:55:56
37923,0,Thursday,19,25.438266089473686,55.52680609473684,Oxy Office,2025-05-15 00:12:43,2025-07-17 22:25:36
37923,0,Tuesday,17,25.4382326,55.52677976470588,Oxy Office,2025-05-20 00:12:43,2025-07-15 09:02:48
37923,0,Wednesday,17,25.438257582352943,55.52679907647058,Oxy Office,2025-05-14 00:12:43,2025-07-16 07:56:10
37923,1,Monday,6,25.382454666666664,55.46362188333333,"Jiddah Street,Ajman,United Arab Emirates",2025-06-02 10:10:34,2025-07-07 08:48:08
37923,1,Sunday,8,25.3406232875,55.7187458,Al Jerf Industrial 1 - Ajman - United Arab Emirates,2025-05-18 08:59:41,2025-06-29 10:26:34
37923,1,Thursday,11,25.3183042,55.7353395,"Unnamed Road,Al Bataeh,Sharjah,United Arab Emirates",2025-05-15 09:29:49,2025-07-17 08:18:09
37923,1,Tuesday,6,25.318899966666667,55.70231161666666,Al Dhaid - Sharjah - United Arab Emirates,2025-05-13 12:57:23,2025-07-01 09:03:06
37923,1,Wednesday,14,25.33408055714286,55.589099014285715,Oxy Office,2025-05-14 09:28:36,2025-07-16 08:47:35
37923,2,Monday,7,25.35445164285714,55.398231371428565,Al Gharb - Sharjah - United Arab Emirates,2025-05-19 09:40:35,2025-07-14 09:02:51
37923,2,Saturday,8,25.300812875,55.717201625,"Unnamed Road,Sharjah,United Arab Emirates",2025-05-17 16:30:17,2025-07-12 13:23:39
37923,2,Sunday,13,25.3048729,55.815402,Al Jerf Industrial 1 - Ajman - United Arab Emirates,2025-05-18 09:08:17,2025-07-13 13:34:26
37923,2,Thursday,8,25.28058015,55.840066425,"Unnamed Road,Al Falah Suburb,Sharjah,United Arab Emirates",2025-05-15 11:34:45,2025-07-17 10:33:54
37923,2,Tuesday,10,25.27664178,55.839421449999996,"Unnamed Road,Al Bataeh,Sharjah,United Arab Emirates",2025-05-13 13:26:12,2025-07-15 13:24:09
37923,2,Wednesday,12,25.252980933333333,55.781560516666666,"Unnamed Road,Al Saja'a Industrial Suburb,Sharjah,United Arab Emirates",2025-05-14 12:42:11,2025-07-16 09:56:19
37923,3,Monday,9,25.354912933333335,55.467682922222224,Ajman - United Arab Emirates,2025-05-19 13:09:04,2025-07-14 13:25:24
37923,3,Saturday,7,25.326125685714285,55.55897734285714,"Unnamed Road,Sharjah,United Arab Emirates",2025-05-17 09:22:59,2025-07-19 10:17:27
37923,3,Sunday,8,25.30647975,55.8364970375,Al Dhaid - Sharjah - United Arab Emirates,2025-05-18 12:41:27,2025-07-13 15:17:57
37923,3,Thursday,13,25.300203784615384,55.82162125384615,"Unnamed Road,Al Bataeh,Sharjah,United Arab Emirates",2025-05-15 12:19:54,2025-07-17 10:54:20
37923,3,Tuesday,10,25.277430470000002,55.70495631,"Sharjah-Kalba Road,Sharjah,United Arab Emirates",2025-05-13 16:38:22,2025-07-08 12:40:28
37923,3,Wednesday,14,25.272659,55.74846340714286,Al Saja'a Industrial Suburb - Sharjah - United Arab Emirates,2025-05-14 12:47:01,2025-07-16 11:11:34
37923,4,Monday,9,25.358395333333334,55.44437366666667,Al Gharb - Sharjah - United Arab Emirates,2025-05-19 20:09:53,2025-06-30 22:17:04
37923,4,Saturday,8,25.2950587,55.703235587500004,"Unnamed Road,Al Falah Suburb,Sharjah,United Arab Emirates",2025-05-17 09:58:16,2025-07-19 13:16:06
37923,4,Sunday,9,25.32302811111111,55.756428855555555,Al Tayebah - Sharjah - United Arab Emirates,2025-05-18 18:30:32,2025-07-13 15:44:08
37923,4,Thursday,8,25.2650697375,55.7878656,"Unnamed Road,Sharjah,United Arab Emirates",2025-05-15 17:00:30,2025-07-10 12:42:14
37923,4,Tuesday,8,25.3253801625,55.64752205,"Sheikh Maktoum Bin Rashid Street,Ajman,United Arab Emirates",2025-05-13 18:26:10,2025-07-08 16:19:08
37923,4,Wednesday,5,25.23128028,55.875244980000005,"Unnamed Road,Al Saja'a Industrial Suburb,Sharjah,United Arab Emirates",2025-05-14 09:19:54,2025-06-11 12:37:13
37923,5,Monday,5,25.35756262,55.457407620000005,Al Gharb - Sharjah - United Arab Emirates,2025-05-26 10:05:49,2025-06-23 16:32:04
37923,5,Saturday,9,25.336106088888886,55.606539766666664,Al Saja'a Industrial Suburb - Sharjah - United Arab Emirates,2025-05-17 19:57:35,2025-07-19 13:57:35
37923,5,Thursday,5,25.35485564,55.690247279999994,"Sheikh Maktoum Bin Rashid Street,Ajman,United Arab Emirates",2025-05-15 18:34:14,2025-07-17 12:09:43
37923,5,Tuesday,5,25.348170619999998,55.64233127999999,"Unnamed Road,Al Dhaid,Sharjah,United Arab Emirates",2025-05-13 18:54:25,2025-07-08 18:47:46
37923,5,Wednesday,9,25.300543666666666,55.74408884444445,"Unnamed Road,Al Jlail,Sharjah,United Arab Emirates",2025-05-14 13:57:43,2025-07-16 12:57:54
37923,6,Saturday,5,25.320591280000002,55.684298260000006,Emirates Industrial City - Sharjah - United Arab Emirates,2025-05-17 10:48:02,2025-06-28 09:35:19
37923,6,Sunday,9,25.351771433333333,55.69942698888889,Al Dhaid - Sharjah - United Arab Emirates,2025-05-18 10:41:53,2025-07-06 17:36:56
37923,6,Tuesday,6,25.26686856666667,55.783777183333335,Al Tayebah - Sharjah - United Arab Emirates,2025-05-13 13:52:46,2025-07-08 09:34:00
37923,6,Wednesday,5,25.35780762,55.64109396,Emirates Industrial City - Sharjah - United Arab Emirates,2025-05-14 15:13:04,2025-07-02 09:13:25
37923,7,Saturday,7,25.317757814285716,55.68101708571429,Al Saja'a Industrial Suburb - Sharjah - United Arab Emirates,2025-06-14 10:21:49,2025-07-19 10:40:51
37923,7,Thursday,6,25.29260521666667,55.78867856666667,"Unnamed Road,Sharjah,United Arab Emirates",2025-06-12 09:45:39,2025-07-17 13:55:11
37923,8,Saturday,6,25.324511883333333,55.676710250000006,Al Saja'a Industrial Suburb - Sharjah - United Arab Emirates,2025-05-24 11:01:53,2025-07-19 11:16:33
37923,9,Saturday,5,25.32537694,55.61023496,Al Saja'a Industrial Suburb - Sharjah - United Arab Emirates,2025-05-17 11:13:41,2025-06-21 20:29:00
37923,9,Sunday,5,25.28855862,55.829668319999996,Al Tayebah - Sharjah - United Arab Emirates,2025-05-25 10:53:18,2025-06-29 10:06:38
37923,9,Tuesday,8,25.3029984875,55.8317030875,Al Dhaid - Sharjah - United Arab Emirates,2025-05-13 14:38:01,2025-07-08 10:12:52
37923,10,Saturday,8,25.3285187125,55.614764975,Al Saja'a Industrial Suburb - Sharjah - United Arab Emirates,2025-05-17 11:29:38,2025-07-19 11:38:19
37923,10,Sunday,6,25.266760783333336,55.810783316666665,Al Tayebah - Sharjah - United Arab Emirates,2025-05-25 10:59:56,2025-07-13 09:48:24
37923,11,Saturday,6,25.33109995,55.61351526666667,"Unnamed Road,Al Saja'a Industrial Suburb,Sharjah,United Arab Emirates",2025-05-17 11:43:49,2025-07-12 10:38:28
37923,11,Sunday,5,25.28854032,55.7778183,Al Tayebah - Sharjah - United Arab Emirates,2025-05-18 11:12:47,2025-06-22 11:50:36
37923,12,Saturday,7,25.312142599999998,55.62724781428572,Al Saja'a Industrial Suburb - Sharjah - United Arab Emirates,2025-05-17 11:57:50,2025-07-19 11:59:49
37923,13,Saturday,5,25.31870962,55.6304976,"Unnamed Road,Al Jlail,Sharjah,United Arab Emirates",2025-05-24 12:26:45,2025-07-19 12:14:29
37923,13,Sunday,6,25.279843850000002,55.87861801666667,Al Tayebah - Sharjah - United Arab Emirates,2025-05-25 11:19:43,2025-07-13 10:11:58
37923,14,Saturday,5,25.306805259999997,55.629958959999996,Al Saja'a Industrial Suburb - Sharjah - United Arab Emirates,2025-05-17 12:11:32,2025-07-19 12:25:10
37923,15,Saturday,5,25.30619862,55.629931299999996,Al Saja'a Industrial Suburb - Sharjah - United Arab Emirates,2025-05-17 12:21:28,2025-07-19 12:36:30
37923,15,Tuesday,6,25.250695800000003,55.894761916666674,Al Dhaid - Sharjah - United Arab Emirates,2025-05-20 11:44:26,2025-07-15 11:40:34
37923,17,Sunday,5,25.28913428,55.82964766,Al Dhaid - Sharjah - United Arab Emirates,2025-05-25 12:17:05,2025-07-13 10:53:25
37923,18,Saturday,5,25.29350728,55.71919097999999,Al Tayebah - Sharjah - United Arab Emirates,2025-05-24 13:52:37,2025-07-19 13:04:52
37923,18,Tuesday,5,25.24794962,55.896173639999994,"Unnamed Road,New Industrial Area,Al Dhaid,Sharjah,United Arab Emirates",2025-05-20 12:04:32,2025-07-15 12:00:36
37923,23,Wednesday,5,25.24973726,55.909668280000005,Al Dhaid - Sharjah - United Arab Emirates,2025-05-21 14:43:59,2025-07-09 12:20:58
37923,24,Wednesday,5,25.25129362,55.908856619999995,"Unnamed Road,Sharjah,United Arab Emirates",2025-05-14 13:53:13,2025-07-09 12:25:58
37923,26,Thursday,5,25.29257294,55.87579664,"Umm Al Quwain - Al Shuwaib Road,Al Dhaid,Sharjah,United Arab Emirates",2025-05-29 14:08:13,2025-07-17 13:36:12
37923,33,Wednesday,5,25.317875980000004,55.813607620000006,Al Dhaid - Sharjah - United Arab Emirates,2025-06-04 16:01:06,2025-07-16 14:24:23
37923,36,Monday,5,25.34963162,55.47807628,"Jiddah Street,Al Jerf Industrial 3,Ajman,United Arab Emirates",2025-05-19 15:25:19,2025-06-30 17:41:52
37923,37,Sunday,5,25.24097562,55.6952353,Al Saja'a Industrial Suburb - Sharjah - United Arab Emirates,2025-05-18 15:55:05,2025-07-06 15:30:38
37923,42,Sunday,5,25.37987128,55.57034764,Oxy Office,2025-05-18 17:53:45,2025-06-15 17:43:30
49570,0,Monday,17,25.43826927647059,55.526756135294114,Oxy Office,2025-05-19 00:03:28,2025-07-14 08:45:31
49570,0,Saturday,17,25.43824908235294,55.52811820588235,Oxy Office,2025-05-17 00:12:43,2025-07-19 00:12:43
49570,0,Sunday,19,25.438257163157896,55.526776442105266,Oxy Office,2025-05-18 00:12:43,2025-07-13 08:54:29
49570,0,Thursday,20,25.438256465000002,55.526757965,Oxy Office,2025-05-15 00:12:43,2025-07-17 08:45:10
49570,0,Tuesday,18,25.4382481,55.52678912222222,Oxy Office,2025-05-20 00:12:43,2025-07-15 08:50:45
49570,0,Wednesday,20,25.43823563,55.526761305,Oxy Office,2025-05-14 00:12:43,2025-07-16 08:52:17
49570,1,Wednesday,5,25.4383736,55.52538628,Ajman - United Arab Emirates,2025-05-21 08:34:07,2025-07-16 09:05:17
49570,2,Sunday,6,25.390543833333336,55.45958193333333,Ajman - United Arab Emirates,2025-05-18 09:21:55,2025-07-13 13:21:04
49570,3,Tuesday,6,25.392133016666666,55.46734634999999,Ajman - United Arab Emirates,2025-05-13 13:18:43,2025-06-17 15:11:00
49570,4,Thursday,5,25.39132928,55.482543299999996,"Hassan Bin Haitham Street,Ajman Industrial 2,Ajman,United Arab Emirates",2025-05-15 09:36:28,2025-07-17 19:02:53
49570,4,Tuesday,5,25.40459462,55.484604620000006,Ajman - United Arab Emirates,2025-05-13 13:29:43,2025-07-01 09:42:30
49570,5,Thursday,5,25.37971228,55.46143828,"17,3 Al Nuaimia,Ajman,United Arab Emirates",2025-05-22 09:50:19,2025-07-10 13:55:06
49570,5,Wednesday,6,25.400524383333334,55.48554775,Al Nuaimia 1 - Ajman - United Arab Emirates,2025-05-14 10:12:33,2025-07-16 14:23:29
49570,6,Sunday,7,25.400784957142857,55.476836385714286,Ajman - United Arab Emirates,2025-05-18 19:06:48,2025-07-13 10:38:06
49570,6,Wednesday,7,25.39682827142857,55.492478285714284,2 Al Nuaimia - Ajman - United Arab Emirates,2025-05-14 10:34:29,2025-07-16 15:37:42
49570,7,Tuesday,5,25.39480532,55.453408960000004,Ajman - United Arab Emirates,2025-05-13 14:03:26,2025-07-08 10:01:16
49570,8,Thursday,6,25.3905583,55.45728938333334,Al Rashidiya 2 - Ajman - United Arab Emirates,2025-05-15 10:06:07,2025-07-10 10:15:24
49570,9,Wednesday,5,25.39796928,55.46955928,Ajman - United Arab Emirates,2025-05-14 11:24:50,2025-07-02 10:34:45
49570,12,Sunday,5,25.40707162,55.46559298,Al Nakhil 1 - Ajman - United Arab Emirates,2025-05-25 10:36:03,2025-07-06 11:33:21
49570,14,Sunday,6,25.401677733333333,55.44875998333333,Sheikh Rashid Bin Humeed Street Ajman United Arab Emirates,2025-05-25 11:00:03,2025-07-06 11:44:55
49570,17,Thursday,5,25.401479939999998,55.447840940000006,Al Rashidiya 2 - Ajman - United Arab Emirates,2025-05-15 11:21:08,2025-07-03 11:21:13
49570,18,Wednesday,6,25.40028076666667,55.44939745,Al Bustan - Ajman - United Arab Emirates,2025-05-14 12:53:42,2025-07-09 11:20:49
49570,19,Monday,6,25.394126350000004,55.45232413333334,Al Rashidiya 1 - Ajman - United Arab Emirates,2025-05-26 12:42:03,2025-07-14 12:36:59
49570,19,Wednesday,7,25.404328514285712,55.44472617142857,Al Nakhil 1 - Ajman - United Arab Emirates,2025-05-14 13:07:21,2025-07-16 11:58:10
49570,20,Wednesday,5,25.40430294,55.44658164,Al Nakhil 1 - Ajman - United Arab Emirates,2025-05-14 13:23:36,2025-07-16 12:03:10
49570,23,Thursday,5,25.39747228,55.45124661999999,"87,Al Nuaimia 1,Ajman,United Arab Emirates",2025-05-15 12:14:54,2025-07-03 12:05:32
49570,24,Tuesday,5,25.388669619999998,55.45697228,Al Rashidiya 2 - Ajman - United Arab Emirates,2025-06-03 12:59:10,2025-07-15 12:48:28
49570,25,Sunday,5,25.38626162,55.45848159999999,Al Rashidiya 2 - Ajman - United Arab Emirates,2025-05-18 12:35:34,2025-06-15 14:09:16
49570,25,Tuesday,5,25.38974064,55.452404619999996,Al Rashidiya 2 - Ajman - United Arab Emirates,2025-05-20 12:43:33,2025-07-15 13:23:12
49570,26,Thursday,5,25.38833696,55.45445362,"17,3 Al Nuaimia,Ajman,United Arab Emirates",2025-05-15 12:45:49,2025-07-17 13:13:34
49570,26,Tuesday,5,25.39405362,55.45397262,Al Rashidiya 3 - Ajman - United Arab Emirates,2025-05-27 12:22:20,2025-07-01 12:21:47
49570,27,Thursday,5,25.39160264,55.4493423,2 Al Nuaimia - Ajman - United Arab Emirates,2025-05-15 13:07:55,2025-07-10 12:33:27
49570,27,Tuesday,6,25.3891491,55.455798566666665,Al Rashidiya 1 - Ajman - United Arab Emirates,2025-05-20 13:21:36,2025-07-08 12:41:07
49570,30,Thursday,5,25.38685462,55.453729980000006,Ajman - United Arab Emirates,2025-05-15 13:38:24,2025-07-17 13:43:21
49570,31,Monday,6,25.391549116666667,55.47669803333333,Ajman Industrial 2 - Ajman - United Arab Emirates,2025-05-19 13:11:56,2025-07-14 19:48:38
49570,33,Monday,5,25.394175960000002,55.46815232,Al Nuaimia 1 - Ajman - United Arab Emirates,2025-05-19 13:31:28,2025-06-30 13:35:07
